Person,Scenario 1 pt1,Scenario 1 pt2,Scenario 2 pt1,Scenario 2 pt2,Scenario 3 pt1,Scenario 3 pt2,Scenario 4 pt1,Scenario 4 pt2,Scenario 5 pt1,Scenario 5 pt2
1,[0.04259715 0.13446587 0.82293695] -> [0. 0. 1.],[0.08907817 0.08139995 0.82952183] -> [0. 0. 1.],[0.02415937 0.07853414 0.89730644] -> [0. 0. 1.],[0.11446937 0.09027837 0.79525226] -> [0. 0. 1.],[0.27704847 0.07165652 0.65129495] -> [1. 0. 0.],[0.34267744 0.18672442 0.470598  ] -> [1. 0. 0.],[0.02587865 0.06674162 0.9073797 ] -> [0. 0. 1.],[0.20893158 0.10765112 0.6834173 ] -> [0. 0. 1.],[0.15819594 0.01286035 0.8289436 ] -> [1. 0. 0.],[0.06470057 0.09758343 0.83771604] -> [0. 0. 1.]
2,[0.03616287 0.12764087 0.8361963 ] -> [0. 0. 1.],[0.07129832 0.07261983 0.85608184] -> [0. 0. 1.],[0.02222513 0.07845327 0.89932156] -> [0. 0. 1.],[0.10722449 0.06918785 0.82358766] -> [0. 0. 1.],[0.27992457 0.05859697 0.6614785 ] -> [0. 0. 1.],[0.33847865 0.17256911 0.48895216] -> [0. 0. 1.],[0.0189737  0.05975334 0.92127293] -> [0. 0. 1.],[0.17006657 0.10140058 0.72853285] -> [0. 0. 1.],[0.14887385 0.01031773 0.84080845] -> [0. 0. 1.],[0.06131903 0.0982513  0.84042954] -> [0. 0. 1.]
3,[0.04423786 0.13946824 0.81629384] -> [1. 0. 0.],[0.08501393 0.08379331 0.8311927 ] -> [0. 0. 1.],[0.02741705 0.08751731 0.8850656 ] -> [1. 0. 0.],[0.12059865 0.08515506 0.79424626] -> [0. 0. 1.],[0.2868741  0.06948892 0.64363706] -> [0. 0. 1.],[0.34018612 0.18170212 0.4781118 ] -> [0. 0. 1.],[0.02544786 0.07017428 0.9043779 ] -> [0. 0. 1.],[0.19364223 0.11237016 0.69398755] -> [0. 0. 1.],[0.1625324  0.01393162 0.8235359 ] -> [0. 0. 1.],[0.07065322 0.10768084 0.82166594] -> [1. 0. 0.]
4,[0.04628314 0.14201474 0.811702  ] -> [0. 1. 0.],[0.08881286 0.08639082 0.8247963 ] -> [0. 1. 0.],[0.02853275 0.08905529 0.8824119 ] -> [0. 0. 1.],[0.12351295 0.08983644 0.78665054] -> [1. 0. 0.],[0.28789824 0.07249358 0.6396082 ] -> [1. 0. 0.],[0.3405061  0.18408798 0.4754059 ] -> [1. 0. 0.],[0.02732554 0.07256206 0.9001124 ] -> [0. 1. 0.],[0.20060888 0.11469302 0.6846981 ] -> [0. 1. 0.],[0.16570818 0.01486468 0.8194272 ] -> [0. 1. 0.],[0.07267444 0.10943878 0.8178869 ] -> [0. 0. 1.]
5,[0.02179049 0.09842856 0.87978095] -> [0. 0. 1.],[0.05058983 0.04971658 0.8996936 ] -> [0. 0. 1.],[0.01141188 0.05169264 0.9368954 ] -> [0. 0. 1.],[0.07598166 0.04726766 0.87675065] -> [0. 0. 1.],[0.25185016 0.04169332 0.7064565 ] -> [0. 0. 1.],[0.33527824 0.15806355 0.5066581 ] -> [0. 0. 1.],[0.01013409 0.03825464 0.9516111 ] -> [0. 0. 1.],[0.14065343 0.07513388 0.7842126 ] -> [0. 0. 1.],[0.11784681 0.00467326 0.87747985] -> [0. 0. 1.],[0.03943648 0.07000736 0.8905562 ] -> [0. 0. 1.]
6,[0.08686493 0.18572332 0.7274117 ] -> [0. 0. 1.],[0.14989759 0.13426454 0.7158379 ] -> [1. 0. 0.],[0.05795956 0.12943994 0.81260043] -> [1. 0. 0.],[0.172969   0.16179882 0.6652323 ] -> [0. 0. 1.],[0.3053585  0.12209456 0.5725469 ] -> [1. 0. 0.],[0.34682402 0.21801972 0.43515614] -> [1. 0. 0.],[0.06679959 0.12043219 0.81276816] -> [0. 0. 1.],[0.28488147 0.15485504 0.5602635 ] -> [0. 0. 1.],[0.21374398 0.03966693 0.74658906] -> [0. 0. 1.],[0.11363006 0.14447099 0.7418989 ] -> [0. 0. 1.]
7,[0.06341234 0.165273   0.7713146 ] -> [0. 1. 0.],[0.10972066 0.10867678 0.7816024 ] -> [0. 0. 1.],[0.0431518  0.11427957 0.8425686 ] -> [0. 1. 0.],[0.15069397 0.11318697 0.7361191 ] -> [0. 1. 0.],[0.3042045  0.09000098 0.6057945 ] -> [0. 1. 0.],[0.34234738 0.19532296 0.4623296 ] -> [0. 0. 1.],[0.04063834 0.09535305 0.8640086 ] -> [0. 0. 1.],[0.22445035 0.13681042 0.63873917] -> [0. 0. 1.],[0.19009908 0.02463464 0.78526634] -> [0. 0. 1.],[0.09467795 0.13300888 0.77231306] -> [0. 0. 1.]
8,[0.04934413 0.14711073 0.8035452 ] -> [0. 1. 0.],[0.09227565 0.09124047 0.8164838 ] -> [0. 1. 0.],[0.0317364  0.09560005 0.8726635 ] -> [0. 1. 0.],[0.12906635 0.09245058 0.77848303] -> [0. 1. 0.],[0.2915909  0.07519067 0.6332186 ] -> [0. 1. 0.],[0.3420964  0.18672605 0.47117755] -> [0. 1. 0.],[0.02924387 0.07749446 0.8932617 ] -> [0. 0. 1.],[0.20254053 0.11960652 0.677853  ] -> [0. 1. 0.],[0.17002417 0.01665898 0.81331676] -> [0. 1. 0.],[0.07703748 0.11417145 0.80879104] -> [0. 1. 0.]
9,[0.12079264 0.21391545 0.6652919 ] -> [0. 0. 1.],[0.17624784 0.15522067 0.66853154] -> [0. 1. 0.],[0.06834839 0.14165375 0.78999776] -> [0. 0. 1.],[0.19646357 0.22014105 0.5833954 ] -> [1. 0. 0.],[0.33840728 0.14967684 0.5119159 ] -> [1. 0. 0.],[0.30933198 0.22995894 0.46070904] -> [1. 0. 0.],[0.1010644  0.128735   0.77020043] -> [0. 0. 1.],[0.35464874 0.15661526 0.488736  ] -> [0. 0. 1.],[0.2143998  0.05075008 0.73485005] -> [0. 1. 0.],[0.13321722 0.16232991 0.7044528 ] -> [0. 1. 0.]
10,[0.02810345 0.11178347 0.8601131 ] -> [0. 0. 1.],[0.06159493 0.06043642 0.87796867] -> [0. 0. 1.],[0.01569193 0.06267142 0.92163664] -> [1. 0. 0.],[0.08975306 0.05854566 0.8517012 ] -> [0. 0. 1.],[0.26344475 0.05027898 0.6862763 ] -> [1. 0. 0.],[0.33863512 0.16743019 0.49393457] -> [0. 0. 1.],[0.01410769 0.04782943 0.93806297] -> [0. 0. 1.],[0.15903589 0.08714745 0.75381666] -> [1. 0. 0.],[0.131953   0.00693704 0.86111003] -> [0. 0. 1.],[0.04837262 0.08098406 0.87064326] -> [0. 0. 1.]
11,[0.10851397 0.19611426 0.6953717 ] -> [0. 1. 0.],[0.1822656  0.14316432 0.67457   ] -> [1. 0. 0.],[0.06156181 0.12502606 0.8134122 ] -> [0. 1. 0.],[0.18452677 0.2264968  0.5889764 ] -> [0. 1. 0.],[0.30856636 0.15358494 0.5378487 ] -> [1. 0. 0.],[0.33470935 0.2222224  0.44306815] -> [1. 0. 0.],[0.10134102 0.1284847  0.7701743 ] -> [0. 0. 1.],[0.34811825 0.15903604 0.49284565] -> [1. 0. 0.],[0.24044931 0.04995778 0.70959294] -> [1. 0. 0.],[0.1306781  0.16136314 0.7079587 ] -> [1. 0. 0.]
12,[0.06402571 0.16768488 0.7682894 ] -> [0. 0. 1.],[0.10809899 0.11098592 0.7809151 ] -> [0. 0. 1.],[0.04597751 0.12060618 0.8334162 ] -> [0. 0. 1.],[0.15328918 0.10872301 0.7379879 ] -> [0. 0. 1.],[0.30690128 0.08858042 0.60451823] -> [0. 0. 1.],[0.34402826 0.19529054 0.46068117] -> [0. 0. 1.],[0.03978124 0.09816065 0.86205804] -> [0. 0. 1.],[0.21658212 0.13961288 0.6438049 ] -> [0. 0. 1.],[0.19034341 0.0256458  0.78401077] -> [0. 0. 1.],[0.09701435 0.13594596 0.7670396 ] -> [0. 0. 1.]
13,[0.03843727 0.12981887 0.83174396] -> [0. 0. 1.],[0.07938495 0.07649958 0.8441155 ] -> [0. 0. 1.],[0.02282023 0.07785566 0.89932406] -> [0. 0. 1.],[0.1090745  0.07744658 0.8134789 ] -> [0. 0. 1.],[0.27613375 0.0640837  0.6597825 ] -> [0. 0. 1.],[0.34271753 0.18078482 0.47649756] -> [0. 0. 1.],[0.02154089 0.06259032 0.91586876] -> [0. 0. 1.],[0.18772049 0.10365134 0.7086281 ] -> [0. 0. 1.],[0.15117033 0.01126437 0.83756524] -> [0. 0. 1.],[0.06142145 0.09526096 0.8433176 ] -> [0. 0. 1.]
14,[0.10759772 0.20139444 0.69100785] -> [0. 0. 1.],[0.17646044 0.15258104 0.6709584 ] -> [0. 1. 0.],[0.07235295 0.14399593 0.78365105] -> [0. 1. 0.],[0.19108863 0.19813867 0.61077267] -> [1. 0. 0.],[0.31046733 0.1458225  0.54371023] -> [0. 1. 0.],[0.34564808 0.22837442 0.4259775 ] -> [0. 1. 0.],[0.09111757 0.13965882 0.7692235 ] -> [0. 1. 0.],[0.31883204 0.16868442 0.51248354] -> [0. 1. 0.],[0.23310888 0.054779   0.71211207] -> [0. 1. 0.],[0.13283513 0.16031703 0.70684785] -> [0. 1. 0.]
15,[0.03672834 0.12795244 0.83531916] -> [0. 0. 1.],[0.07340328 0.07329737 0.8532993 ] -> [0. 0. 1.],[0.02212924 0.07754537 0.90032536] -> [0. 1. 0.],[0.10760144 0.07185135 0.8205471 ] -> [0. 0. 1.],[0.2789241  0.06014106 0.66093487] -> [0. 1. 0.],[0.3388876  0.1743304  0.48678198] -> [0. 1. 0.],[0.01971285 0.06016025 0.9201268 ] -> [0. 1. 0.],[0.17551929 0.10172985 0.72275084] -> [0. 1. 0.],[0.14968714 0.01048796 0.8398249 ] -> [0. 1. 0.],[0.06125616 0.09747174 0.84127206] -> [0. 1. 0.]
16,[0.04918943 0.14729348 0.80351704] -> [0. 0. 1.],[0.09050932 0.09069394 0.81879675] -> [0. 0. 1.],[0.03188484 0.09636313 0.871752  ] -> [0. 0. 1.],[0.12960847 0.09098045 0.779411  ] -> [0. 0. 1.],[0.29350233 0.07415557 0.63234204] -> [0. 0. 1.],[0.34066722 0.18461779 0.47471505] -> [0. 0. 1.],[0.02881612 0.07723536 0.89394844] -> [0. 0. 1.],[0.19880857 0.11973739 0.681454  ] -> [0. 0. 1.],[0.17051089 0.01656083 0.8129282 ] -> [0. 0. 1.],[0.07782487 0.11614562 0.8060295 ] -> [0. 0. 1.]
17,[0.02849765 0.1129759  0.85852647] -> [0. 0. 1.],[0.06106403 0.06089482 0.8780411 ] -> [0. 0. 1.],[0.01619422 0.06430985 0.9194958 ] -> [0. 0. 1.],[0.09114854 0.0581591  0.8506924 ] -> [0. 0. 1.],[0.26603737 0.05011453 0.6838481 ] -> [0. 0. 1.],[0.33751675 0.16614641 0.4963366 ] -> [0. 0. 1.],[0.01416724 0.04847038 0.93736243] -> [0. 0. 1.],[0.15665063 0.08810153 0.75524795] -> [0. 0. 1.],[0.13328607 0.00709968 0.8596143 ] -> [0. 0. 1.],[0.04965566 0.08336259 0.86698174] -> [0. 0. 1.]
18,[0.03135978 0.11719918 0.851441  ] -> [0. 0. 1.],[0.06788543 0.06504025 0.8670743 ] -> [0. 0. 1.],[0.01734505 0.06578419 0.9168707 ] -> [0. 0. 1.],[0.0958333  0.06632909 0.83783764] -> [0. 0. 1.],[0.26745272 0.05532773 0.6772195 ] -> [0. 0. 1.],[0.33863193 0.17160305 0.48976508] -> [0. 0. 1.],[0.0166481  0.05189029 0.9314616 ] -> [0. 0. 1.],[0.17206341 0.09203126 0.73590523] -> [0. 0. 1.],[0.13886052 0.00809235 0.8530471 ] -> [0. 0. 1.],[0.05225348 0.08537109 0.8623754 ] -> [0. 0. 1.]
19,[0.04008034 0.130891   0.8290287 ] -> [0. 0. 1.],[0.08457395 0.07799385 0.83743227] -> [0. 0. 1.],[0.02264507 0.07588725 0.90146774] -> [0. 0. 1.],[0.11052071 0.08492616 0.80455315] -> [0. 0. 1.],[0.2749958  0.06811111 0.65689296] -> [0. 0. 1.],[0.34223953 0.18392448 0.47383586] -> [0. 0. 1.],[0.02370303 0.06357526 0.91272163] -> [0. 0. 1.],[0.201322   0.10445961 0.6942184 ] -> [0. 0. 1.],[0.15404783 0.01174074 0.83421147] -> [0. 0. 1.],[0.06193015 0.0948161  0.8432538 ] -> [0. 0. 1.]
20,[0.03051985 0.11586843 0.85361165] -> [0. 0. 1.],[0.06636607 0.06397855 0.8696553 ] -> [0. 0. 1.],[0.01695911 0.06511381 0.917927  ] -> [0. 0. 1.],[0.09426538 0.06423772 0.8414969 ] -> [1. 0. 0.],[0.26627988 0.05404765 0.6796724 ] -> [0. 0. 1.],[0.33899888 0.17084713 0.4901539 ] -> [0. 0. 1.],[0.01596972 0.05093529 0.9330949 ] -> [0. 0. 1.],[0.16877362 0.09085604 0.7403703 ] -> [0. 0. 1.],[0.13699447 0.00780346 0.8552021 ] -> [0. 0. 1.],[0.05121185 0.08408897 0.86469924] -> [0. 0. 1.]
21,[0.04988156 0.14723372 0.80288464] -> [0. 0. 1.],[0.09370916 0.09132783 0.814963  ] -> [0. 0. 1.],[0.03143416 0.09437203 0.8741938 ] -> [0. 0. 1.],[0.12943725 0.09518507 0.77537763] -> [0. 0. 1.],[0.29145065 0.0764686  0.6320807 ] -> [0. 0. 1.],[0.3412181  0.18703617 0.4717458 ] -> [0. 0. 1.],[0.03008321 0.07746427 0.8924526 ] -> [0. 0. 1.],[0.20676668 0.11958252 0.6736508 ] -> [0. 0. 1.],[0.17115298 0.01675322 0.8120938 ] -> [0. 0. 1.],[0.07724477 0.11431394 0.80844134] -> [0. 0. 1.]
22,[0.03677803 0.12764724 0.8355747 ] -> [0. 0. 1.],[0.07420313 0.07324128 0.8525556 ] -> [0. 0. 1.],[0.02184949 0.07654674 0.9016038 ] -> [0. 0. 1.],[0.10729859 0.07300532 0.8196962 ] -> [0. 0. 1.],[0.2780237  0.06071241 0.6612638 ] -> [0. 0. 1.],[0.33895734 0.17500028 0.48604244] -> [0. 0. 1.],[0.01995823 0.05997326 0.92006844] -> [0. 0. 1.],[0.17813566 0.10145857 0.72040576] -> [0. 0. 1.],[0.14968807 0.01045701 0.83985496] -> [0. 0. 1.],[0.06085657 0.09664027 0.8425032 ] -> [0. 0. 1.]
23,[0.11352272 0.20206672 0.6844105 ] -> [0. 0. 1.],[0.18053414 0.14876896 0.670697  ] -> [1. 0. 0.],[0.06856964 0.13560852 0.7958218 ] -> [0. 0. 1.],[0.193489   0.22248937 0.58402157] -> [1. 0. 0.],[0.3159236  0.15349302 0.5305833 ] -> [1. 0. 0.],[0.33395863 0.22027181 0.44576952] -> [1. 0. 0.],[0.10332334 0.135255   0.7614216 ] -> [0. 0. 1.],[0.3371393  0.1666122  0.49624854] -> [0. 0. 1.],[0.24565333 0.05466274 0.69968385] -> [1. 0. 0.],[0.13945958 0.17201188 0.68852854] -> [1. 0. 0.]
24,[0.04783331 0.14314604 0.80902064] -> [0. 0. 1.],[0.09384944 0.08842138 0.81772923] -> [0. 0. 1.],[0.0287654  0.08823826 0.88299626] -> [0. 1. 0.],[0.12452926 0.09578022 0.7796905 ] -> [0. 0. 1.],[0.2859499  0.07609469 0.6379554 ] -> [0. 0. 1.],[0.34191224 0.1881207  0.46996698] -> [0. 0. 1.],[0.02933337 0.07407247 0.8965942 ] -> [0. 0. 1.],[0.21151079 0.1156529  0.6728363 ] -> [0. 0. 1.],[0.1673766  0.01551925 0.81710416] -> [0. 1. 0.],[0.07287214 0.10803965 0.81908816] -> [0. 1. 0.]
25,[0.04229637 0.1356354  0.8220682 ] -> [0. 0. 1.],[0.08442413 0.0810606  0.8345153 ] -> [0. 0. 1.],[0.02522776 0.08235701 0.8924151 ] -> [0. 0. 1.],[0.11610427 0.08466958 0.79922616] -> [0. 0. 1.],[0.28194022 0.06863159 0.6494281 ] -> [1. 0. 0.],[0.34084475 0.18224889 0.4769062 ] -> [0. 0. 1.],[0.02455268 0.06712031 0.9083269 ] -> [0. 0. 1.],[0.19609939 0.10881442 0.69508606] -> [0. 0. 1.],[0.15876739 0.01289382 0.8283388 ] -> [0. 0. 1.],[0.06679648 0.10216095 0.8310426 ] -> [0. 0. 1.]
26,[0.05818358 0.15840885 0.78340757] -> [0. 0. 1.],[0.10431096 0.10212027 0.7935688 ] -> [0. 0. 1.],[0.03829849 0.10612261 0.8555789 ] -> [0. 0. 1.],[0.14243357 0.10712592 0.7504405 ] -> [0. 0. 1.],[0.29897857 0.08526809 0.61575335] -> [0. 0. 1.],[0.34219164 0.19283576 0.46497262] -> [0. 0. 1.],[0.03666406 0.08841459 0.8749213 ] -> [0. 0. 1.],[0.21954884 0.13015327 0.65029794] -> [0. 0. 1.],[0.1829837  0.02141104 0.79560524] -> [0. 0. 1.],[0.08766635 0.12530427 0.7870293 ] -> [0. 0. 1.]
27,[0.02179049 0.09842856 0.87978095] -> [0. 0. 1.],[0.05058983 0.04971658 0.8996936 ] -> [0. 0. 1.],[0.01141188 0.05169264 0.9368954 ] -> [0. 0. 1.],[0.07598166 0.04726766 0.87675065] -> [0. 0. 1.],[0.25185016 0.04169332 0.7064565 ] -> [0. 0. 1.],[0.33527824 0.15806355 0.5066581 ] -> [0. 0. 1.],[0.01013409 0.03825464 0.9516111 ] -> [0. 0. 1.],[0.14065343 0.07513388 0.7842126 ] -> [0. 0. 1.],[0.11784681 0.00467326 0.87747985] -> [0. 0. 1.],[0.03943648 0.07000736 0.8905562 ] -> [0. 0. 1.]
28,[0.11951786 0.20963979 0.67084235] -> [0. 0. 1.],[0.18627273 0.16083196 0.65289533] -> [0. 0. 1.],[0.08074551 0.15237047 0.7668839 ] -> [0. 0. 1.],[0.20199402 0.2158564  0.58214957] -> [1. 0. 0.],[0.31660286 0.15660448 0.5267926 ] -> [1. 0. 0.],[0.34197292 0.22898957 0.4290375 ] -> [1. 0. 0.],[0.1050561 0.1487024 0.7462416] -> [0. 0. 1.],[0.33001465 0.17648558 0.49349964] -> [0. 0. 1.],[0.24509542 0.0635756  0.691329  ] -> [0. 0. 1.],[0.14588091 0.17382865 0.6802906 ] -> [0. 0. 1.]
29,[0.03980036 0.13032198 0.8298776 ] -> [0. 0. 1.],[0.08473315 0.07775225 0.8375145 ] -> [0. 0. 1.],[0.02238813 0.07523028 0.9023816 ] -> [0. 0. 1.],[0.10976715 0.08484618 0.8053866 ] -> [0. 0. 1.],[0.27386764 0.06806926 0.6580632 ] -> [0. 0. 1.],[0.34283632 0.18450527 0.4726584 ] -> [0. 0. 1.],[0.02357935 0.06324457 0.9131761 ] -> [0. 0. 1.],[0.20203589 0.10396621 0.69399786] -> [0. 0. 1.],[0.1532758  0.01162389 0.83510035] -> [0. 0. 1.],[0.06124492 0.09366036 0.8450948 ] -> [0. 0. 1.]
30,[0.04959428 0.14841305 0.80199265] -> [0. 1. 0.],[0.09108903 0.09220732 0.8167036 ] -> [0. 1. 0.],[0.03297347 0.09886803 0.8681585 ] -> [0. 1. 0.],[0.13041653 0.09000602 0.77957726] -> [0. 1. 0.],[0.29350668 0.07427092 0.63222235] -> [0. 1. 0.],[0.3427017  0.18620105 0.4710973 ] -> [0. 1. 0.],[0.02880074 0.07873049 0.89246887] -> [0. 1. 0.],[0.19754367 0.12097338 0.6814829 ] -> [0. 1. 0.],[0.17031196 0.01702278 0.8126652 ] -> [0. 1. 0.],[0.07835227 0.11614903 0.80549866] -> [0. 1. 0.]
31,[0.02848881 0.11258259 0.8589287 ] -> [0. 0. 1.],[0.06159298 0.06069241 0.87771463] -> [0. 0. 1.],[0.01591768 0.06327949 0.92080265] -> [0. 0. 1.],[0.09084103 0.05909685 0.85006213] -> [0. 0. 1.],[0.2652672  0.05052488 0.6842079 ] -> [0. 0. 1.],[0.3372664  0.16649379 0.49623984] -> [0. 0. 1.],[0.01432248 0.04818419 0.9374933 ] -> [0. 0. 1.],[0.15893374 0.08777179 0.75329447] -> [0. 0. 1.],[0.13329478 0.00704915 0.85965604] -> [0. 0. 1.],[0.04929576 0.08269619 0.8680081 ] -> [0. 0. 1.]
32,[0.06200721 0.16302708 0.77496564] -> [0. 0. 1.],[0.10902534 0.10660117 0.78437346] -> [0. 0. 1.],[0.04128109 0.11072734 0.8479916 ] -> [0. 0. 1.],[0.14801145 0.11301205 0.7389764 ] -> [0. 0. 1.],[0.30210546 0.08933029 0.60856426] -> [0. 0. 1.],[0.34204456 0.19496404 0.46299133] -> [0. 0. 1.],[0.03992672 0.09303253 0.86704075] -> [0. 0. 1.],[0.2256526  0.13450757 0.6398399 ] -> [0. 0. 1.],[0.18828084 0.02361047 0.7881087 ] -> [0. 0. 1.],[0.09232445 0.130222   0.77745354] -> [0. 0. 1.]
33,[0.02848878 0.11258253 0.8589287 ] -> [0. 0. 1.],[0.06159288 0.06069233 0.8777149 ] -> [0. 0. 1.],[0.01591766 0.06327944 0.9208029 ] -> [0. 0. 1.],[0.09084103 0.05909684 0.85006213] -> [0. 0. 1.],[0.2652673  0.05052483 0.68420786] -> [0. 0. 1.],[0.33726615 0.16649356 0.49624026] -> [0. 0. 1.],[0.01432247 0.04818412 0.9374934 ] -> [0. 0. 1.],[0.15893364 0.08777172 0.75329465] -> [0. 0. 1.],[0.13329484 0.00704914 0.85965604] -> [0. 0. 1.],[0.04929577 0.08269628 0.86800784] -> [0. 0. 1.]
34,[0.04303246 0.13472424 0.8222433 ] -> [0. 0. 1.],[0.09108029 0.08214215 0.82677764] -> [0. 0. 1.],[0.02419304 0.07816774 0.89763916] -> [0. 0. 1.],[0.11455921 0.09234441 0.7930965 ] -> [0. 0. 1.],[0.27585167 0.07296229 0.651186  ] -> [0. 0. 1.],[0.34365788 0.18865871 0.46768346] -> [0. 0. 1.],[0.02651585 0.06724104 0.9062431 ] -> [0. 0. 1.],[0.21329975 0.10786542 0.6788348 ] -> [0. 0. 1.],[0.15843585 0.01304857 0.8285156 ] -> [0. 0. 1.],[0.06449039 0.09658775 0.8389219 ] -> [0. 0. 1.]
35,[0.0476176  0.14458291 0.80779946] -> [0. 0. 1.],[0.08933155 0.08840723 0.8222611 ] -> [0. 0. 1.],[0.03017027 0.09275722 0.8770725 ] -> [0. 0. 1.],[0.12647493 0.08999401 0.783531  ] -> [0. 0. 1.],[0.2908321 0.0730801 0.6360878] -> [0. 0. 1.],[0.3405274  0.18410726 0.47536528] -> [1. 0. 0.],[0.0279261  0.07478948 0.8972844 ] -> [0. 0. 1.],[0.1989559  0.11714628 0.68389785] -> [0. 0. 1.],[0.16798319 0.01565308 0.8163638 ] -> [0. 1. 0.],[0.07521181 0.11285784 0.8119303 ] -> [0. 0. 1.]
36,[0.05263606 0.15100299 0.7963609 ] -> [0. 0. 1.],[0.09939291 0.09620499 0.804402  ] -> [0. 0. 1.],[0.0339525  0.09863582 0.8674116 ] -> [0. 0. 1.],[0.13296592 0.09949138 0.7675426 ] -> [0. 0. 1.],[0.29120776 0.08029518 0.628497  ] -> [0. 0. 1.],[0.34485418 0.19259039 0.4625554 ] -> [1. 0. 0.],[0.032366   0.08199507 0.8856389 ] -> [0. 0. 1.],[0.21400322 0.12330142 0.6626954 ] -> [0. 0. 1.],[0.17363599 0.01848563 0.8078783 ] -> [0. 0. 1.],[0.07949201 0.11487614 0.8056319 ] -> [0. 0. 1.]
37,[0.0334303  0.12278841 0.8437813 ] -> [0. 0. 1.],[0.06748549 0.06858321 0.8639313 ] -> [0. 1. 0.],[0.02014211 0.07391901 0.9059389 ] -> [0. 0. 1.],[0.1018077  0.06495014 0.8332422 ] -> [0. 0. 1.],[0.27570444 0.05545757 0.6688379 ] -> [0. 0. 1.],[0.33816108 0.17017931 0.49165958] -> [0. 0. 1.],[0.01715307 0.05587165 0.92697525] -> [0. 0. 1.],[0.16458789 0.09695193 0.7384602 ] -> [0. 0. 1.],[0.14359288 0.00913724 0.8472699 ] -> [0. 0. 1.],[0.05738891 0.09345043 0.84916055] -> [0. 0. 1.]
38,[0.05539795 0.15759268 0.78700924] -> [0. 0. 1.],[0.09412    0.09905414 0.80682576] -> [0. 0. 1.],[0.03886836 0.11049359 0.85063803] -> [0. 0. 1.],[0.14210506 0.09455665 0.76333827] -> [0. 0. 1.],[0.30459446 0.07789272 0.6175129 ] -> [0. 0. 1.],[0.3398072  0.18509339 0.47509935] -> [0. 0. 1.],[0.03227898 0.08650573 0.8812153 ] -> [0. 0. 1.],[0.19713561 0.12966377 0.67320067] -> [0. 0. 1.],[0.18067859 0.02026426 0.79905707] -> [0. 0. 1.],[0.08863552 0.13026641 0.781098  ] -> [0. 0. 1.]
39,[0.04145134 0.1338187  0.82473   ] -> [0. 0. 1.],[0.08431913 0.07976036 0.8359205 ] -> [0. 0. 1.],[0.02418136 0.07977068 0.896048  ] -> [0. 0. 1.],[0.11404002 0.084822   0.8011379 ] -> [0. 0. 1.],[0.27957854 0.0683892  0.6520323 ] -> [0. 0. 1.],[0.3409806  0.18251686 0.47650245] -> [0. 0. 1.],[0.02423483 0.06566674 0.9100984 ] -> [0. 0. 1.],[0.19791543 0.10711902 0.6949654 ] -> [0. 0. 1.],[0.15714398 0.01242561 0.8304303 ] -> [0. 0. 1.],[0.06502543 0.09961514 0.8353594 ] -> [0. 0. 1.]
40,[0.04445692 0.13921636 0.81632674] -> [0. 0. 1.],[0.08650315 0.08389661 0.8296003 ] -> [0. 0. 1.],[0.02705578 0.08619342 0.8867507 ] -> [0. 0. 1.],[0.12031075 0.08723924 0.79245   ] -> [0. 0. 1.],[0.2856681  0.07056445 0.6437675 ] -> [0. 0. 1.],[0.34034878 0.18283409 0.47681716] -> [0. 0. 1.],[0.02598897 0.07006674 0.9039442 ] -> [0. 0. 1.],[0.19784681 0.1120949  0.6900582 ] -> [0. 0. 1.],[0.16272612 0.01394509 0.82332885] -> [0. 0. 1.],[0.07018769 0.10657667 0.8232356 ] -> [0. 0. 1.]
41,[0.03600629 0.12633589 0.8376577 ] -> [0. 0. 1.],[0.0733567  0.07230563 0.85433763] -> [0. 1. 0.],[0.02132379 0.07542772 0.90324855] -> [0. 1. 0.],[0.10571588 0.07174854 0.82253563] -> [0. 1. 0.],[0.27648005 0.05989946 0.6636204 ] -> [0. 0. 1.],[0.3394723  0.17488891 0.4856388 ] -> [0. 0. 1.],[0.01942511 0.05902324 0.92155164] -> [0. 1. 0.],[0.17687371 0.10029849 0.72282785] -> [0. 0. 1.],[0.14800827 0.01014455 0.8418472 ] -> [0. 0. 1.],[0.05963077 0.09492589 0.84544337] -> [0. 1. 0.]
42,[0.15494461 0.24019568 0.60485965] -> [0. 0. 1.],[0.19896412 0.19977331 0.60126257] -> [0. 0. 1.],[0.131901   0.21027412 0.65782493] -> [0. 0. 1.],[0.24701636 0.21977879 0.5332048 ] -> [0. 0. 1.],[0.3399045  0.17278369 0.48731184] -> [0. 0. 1.],[0.34460193 0.23483002 0.42056814] -> [0. 0. 1.],[0.12925406 0.19421153 0.6765343 ] -> [0. 0. 1.],[0.31078935 0.21666433 0.47254628] -> [0. 0. 1.],[0.2662774  0.10565972 0.62806284] -> [0. 0. 1.],[0.19176303 0.21648091 0.5917561 ] -> [0. 0. 1.]
43,[0.1318138  0.22378561 0.64440066] -> [0. 0. 1.],[0.18802603 0.17930157 0.6326724 ] -> [0. 0. 1.],[0.1041773  0.18291707 0.7129056 ] -> [0. 0. 1.],[0.22197403 0.2057737  0.5722523 ] -> [0. 0. 1.],[0.32711792 0.15899505 0.513887  ] -> [0. 0. 1.],[0.34697634 0.23304267 0.41998094] -> [0. 0. 1.],[0.10900334 0.17063177 0.72036475] -> [0. 0. 1.],[0.31031793 0.19570579 0.49397624] -> [0. 0. 1.],[0.25082567 0.0802629  0.6689114 ] -> [0. 1. 0.],[0.16406731 0.19009058 0.6458422 ] -> [0. 0. 1.]
44,[0.04685983 0.14463146 0.8085087 ] -> [0. 0. 1.],[0.08595718 0.08775102 0.8262918 ] -> [1. 0. 0.],[0.03067422 0.09499872 0.87432706] -> [0. 0. 1.],[0.1265635  0.08546954 0.7879669 ] -> [0. 0. 1.],[0.2929467  0.07060491 0.6364484 ] -> [0. 0. 1.],[0.34007898 0.18159291 0.47832814] -> [1. 0. 0.],[0.02659259 0.07456852 0.8988389 ] -> [1. 0. 0.],[0.19032887 0.11726087 0.6924103 ] -> [1. 0. 0.],[0.16716163 0.01545732 0.81738096] -> [0. 0. 1.],[0.07577886 0.11472411 0.809497  ] -> [0. 0. 1.]
45,[0.03672834 0.12795244 0.83531916] -> [0. 0. 1.],[0.07340328 0.07329737 0.8532993 ] -> [0. 0. 1.],[0.02212924 0.07754537 0.90032536] -> [0. 0. 1.],[0.10760144 0.07185135 0.8205471 ] -> [0. 1. 0.],[0.2789241  0.06014106 0.66093487] -> [0. 0. 1.],[0.3388876  0.1743304  0.48678198] -> [0. 0. 1.],[0.01971285 0.06016025 0.9201268 ] -> [0. 0. 1.],[0.17551929 0.10172985 0.72275084] -> [0. 0. 1.],[0.14968714 0.01048796 0.8398249 ] -> [0. 0. 1.],[0.06125616 0.09747174 0.84127206] -> [0. 0. 1.]
46,[0.0361719  0.12741736 0.8364108 ] -> [0. 0. 1.],[0.07253712 0.07309566 0.8543672 ] -> [0. 0. 1.],[0.02215511 0.07800929 0.8998356 ] -> [1. 0. 0.],[0.10664821 0.06986059 0.8234913 ] -> [1. 0. 0.],[0.27797532 0.05921146 0.6628132 ] -> [0. 0. 1.],[0.34032723 0.17466119 0.4850115 ] -> [1. 0. 0.],[0.01913379 0.05996833 0.92089784] -> [0. 0. 1.],[0.17267892 0.10132564 0.72599554] -> [0. 0. 1.],[0.1481261  0.01036235 0.8415116 ] -> [0. 0. 1.],[0.06055034 0.09633374 0.84311587] -> [0. 0. 1.]
47,[0.1010079  0.20597737 0.6930146 ] -> [0. 1. 0.],[0.13779205 0.14813644 0.71407145] -> [0. 0. 1.],[0.0805805  0.16714533 0.7522742 ] -> [0. 0. 1.],[0.20520228 0.15029421 0.6445034 ] -> [0. 0. 1.],[0.33869568 0.11814407 0.54316026] -> [0. 1. 0.],[0.33636028 0.20195065 0.46168894] -> [0. 1. 0.],[0.07052101 0.13962534 0.78985363] -> [0. 0. 1.],[0.24494973 0.17881553 0.5762347 ] -> [0. 0. 1.],[0.23551063 0.05175753 0.71273184] -> [0. 0. 1.],[0.14579011 0.19041903 0.66379076] -> [0. 0. 1.]
48,[0.06069227 0.16293481 0.7763729 ] -> [0. 0. 1.],[0.1041439  0.10562336 0.7902327 ] -> [0. 0. 1.],[0.04193044 0.11359604 0.8444735 ] -> [0. 0. 1.],[0.14810582 0.10625862 0.7456356 ] -> [0. 0. 1.],[0.30467987 0.08565732 0.60966283] -> [0. 0. 1.],[0.3416679  0.19184539 0.4664868 ] -> [0. 0. 1.],[0.03757637 0.09259282 0.8698307 ] -> [0. 0. 1.],[0.21434669 0.1347312  0.6509221 ] -> [0. 0. 1.],[0.18698183 0.02317475 0.78984344] -> [0. 0. 1.],[0.09285589 0.1324031  0.774741  ] -> [0. 0. 1.]
49,[0.07832368 0.18049684 0.7411795 ] -> [0. 0. 1.],[0.13050467 0.12566543 0.7438299 ] -> [0. 0. 1.],[0.05450257 0.12894817 0.81654924] -> [0. 0. 1.],[0.16860807 0.13808067 0.6933113 ] -> [0. 1. 0.],[0.31034088 0.10723077 0.5824283 ] -> [0. 0. 1.],[0.34394675 0.20632361 0.44972956] -> [0. 0. 1.],[0.05494592 0.11266407 0.8323899 ] -> [0. 0. 1.],[0.2525138  0.15124026 0.59624594] -> [0. 0. 1.],[0.20706412 0.03419554 0.7587404 ] -> [0. 0. 1.],[0.10997718 0.14613181 0.7438911 ] -> [0. 0. 1.]
50,[0.08486444 0.18710302 0.72803247] -> [0. 0. 1.],[0.13911006 0.13383421 0.7270557 ] -> [0. 0. 1.],[0.06079593 0.13723901 0.80196506] -> [0. 0. 1.],[0.17609686 0.14646767 0.6774354 ] -> [0. 0. 1.],[0.3122732  0.11412586 0.57360095] -> [0. 0. 1.],[0.34605968 0.21177013 0.44217023] -> [0. 1. 0.],[0.06094662 0.12120751 0.81784594] -> [0. 0. 1.],[0.26128227 0.15786447 0.5808533 ] -> [0. 0. 1.],[0.21285304 0.03928228 0.7478646 ] -> [0. 0. 1.],[0.11654682 0.15095843 0.73249465] -> [0. 0. 1.]
51,[0.0623035 0.166049  0.7716475] -> [0. 0. 1.],[0.10442281 0.10858327 0.786994  ] -> [0. 0. 1.],[0.04484338 0.11949354 0.8356632 ] -> [0. 0. 1.],[0.15166363 0.10498867 0.74334764] -> [0. 0. 1.],[0.30759186 0.08589985 0.60650826] -> [0. 0. 1.],[0.34274262 0.19240375 0.46485367] -> [0. 0. 1.],[0.03799352 0.09595853 0.866048  ] -> [0. 0. 1.],[0.21072511 0.13802068 0.6512542 ] -> [0. 0. 1.],[0.1888194  0.02455518 0.7866254 ] -> [0. 0. 1.],[0.09597831 0.13608888 0.7679327 ] -> [0. 0. 1.]
52,[0.03204685 0.12020727 0.84774584] -> [0. 0. 1.],[0.06556373 0.06647971 0.8679565 ] -> [0. 0. 1.],[0.01907482 0.0714817  0.9094434 ] -> [0. 0. 1.],[0.09896635 0.06286381 0.8381698 ] -> [0. 0. 1.],[0.27337107 0.05387876 0.6727502 ] -> [0. 0. 1.],[0.33795342 0.16893503 0.4931115 ] -> [0. 0. 1.],[0.01626444 0.05385832 0.92987716] -> [0. 0. 1.],[0.1619015  0.09459897 0.7434995 ] -> [0. 0. 1.],[0.14082627 0.00855487 0.85061884] -> [0. 0. 1.],[0.05534313 0.09089723 0.8537596 ] -> [0. 0. 1.]
53,[0.06402571 0.16768488 0.7682894 ] -> [1. 0. 0.],[0.10809899 0.11098592 0.7809151 ] -> [1. 0. 0.],[0.04597751 0.12060618 0.8334162 ] -> [0. 0. 1.],[0.15328918 0.10872301 0.7379879 ] -> [0. 0. 1.],[0.30690128 0.08858042 0.60451823] -> [1. 0. 0.],[0.34402826 0.19529054 0.46068117] -> [1. 0. 0.],[0.03978124 0.09816065 0.86205804] -> [0. 0. 1.],[0.21658212 0.13961288 0.6438049 ] -> [1. 0. 0.],[0.19034341 0.0256458  0.78401077] -> [0. 0. 1.],[0.09701435 0.13594596 0.7670396 ] -> [1. 0. 0.]
54,[0.02882555 0.11328533 0.8578891 ] -> [0. 0. 1.],[0.06225499 0.06137531 0.87636966] -> [0. 0. 1.],[0.01620786 0.06400798 0.9197841 ] -> [0. 0. 1.],[0.0914956  0.05956816 0.84893626] -> [0. 0. 1.],[0.26557636 0.05097381 0.68344986] -> [0. 1. 0.],[0.33789176 0.1672957  0.4948125 ] -> [0. 1. 0.],[0.0145296  0.04878786 0.93668246] -> [0. 0. 1.],[0.15979548 0.08843452 0.7517701 ] -> [0. 0. 1.],[0.13382863 0.00719735 0.858974  ] -> [0. 0. 1.],[0.04970148 0.08303787 0.8672607 ] -> [0. 0. 1.]
55,[0.11414225 0.2194037  0.6664541 ] -> [0. 0. 1.],[0.15546443 0.1711662  0.6733694 ] -> [0. 0. 1.],[0.10288771 0.19392823 0.70318407] -> [0. 0. 1.],[0.21900886 0.1558972  0.6250939 ] -> [0. 0. 1.],[0.33589813 0.13035761 0.5337443 ] -> [0. 1. 0.],[0.35030082 0.22061057 0.4290885 ] -> [0. 1. 0.],[0.07964343 0.1645142  0.75584245] -> [0. 0. 1.],[0.25347996 0.19531745 0.5512026 ] -> [0. 1. 0.],[0.23737845 0.06884707 0.6937745 ] -> [0. 1. 0.],[0.1568749  0.19032343 0.65280163] -> [0. 0. 1.]
56,[0.04799105 0.14515862 0.80685043] -> [0. 0. 1.],[0.08976382 0.0889274  0.82130885] -> [0. 0. 1.],[0.03050403 0.09340375 0.87609226] -> [0. 0. 1.],[0.12713572 0.09044884 0.7824155 ] -> [0. 0. 1.],[0.2912926  0.07344196 0.6352654 ] -> [1. 0. 0.],[0.3405803  0.18434902 0.47507071] -> [1. 0. 0.],[0.02818694 0.07531939 0.8964937 ] -> [0. 0. 1.],[0.19938518 0.11768994 0.68292487] -> [0. 0. 1.],[0.16856655 0.01585396 0.8155794 ] -> [0. 0. 1.],[0.07573613 0.11345939 0.8108044 ] -> [0. 0. 1.]
57,[0.04791551 0.14434884 0.8077357 ] -> [0. 0. 1.],[0.09127175 0.0886796  0.82004863] -> [0. 0. 1.],[0.0297944  0.09132136 0.8788842 ] -> [0. 0. 1.],[0.12611423 0.09247759 0.78140825] -> [0. 0. 1.],[0.28925943 0.07443433 0.63630617] -> [0. 0. 1.],[0.34101236 0.18571289 0.47327465] -> [0. 0. 1.],[0.02861693 0.07478806 0.8965949 ] -> [0. 0. 1.],[0.20397314 0.11687768 0.6791492 ] -> [0. 0. 1.],[0.16812076 0.01570914 0.8161701 ] -> [0. 0. 1.],[0.07461997 0.11137615 0.8140038 ] -> [0. 0. 1.]
58,[0.04988156 0.14723372 0.80288464] -> [0. 0. 1.],[0.09370916 0.09132783 0.814963  ] -> [0. 0. 1.],[0.03143416 0.09437203 0.8741938 ] -> [0. 0. 1.],[0.12943725 0.09518507 0.77537763] -> [0. 0. 1.],[0.29145065 0.0764686  0.6320807 ] -> [0. 0. 1.],[0.3412181  0.18703617 0.4717458 ] -> [0. 0. 1.],[0.03008321 0.07746427 0.8924526 ] -> [0. 0. 1.],[0.20676668 0.11958252 0.6736508 ] -> [0. 0. 1.],[0.17115298 0.01675322 0.8120938 ] -> [0. 0. 1.],[0.07724477 0.11431394 0.80844134] -> [0. 0. 1.]
59,[0.05578923 0.15226796 0.79194266] -> [0. 0. 1.],[0.10962568 0.09874051 0.7916337 ] -> [1. 0. 0.],[0.03337304 0.09443587 0.87219113] -> [0. 0. 1.],[0.13428451 0.11402799 0.75168747] -> [1. 0. 0.],[0.28767228 0.08810326 0.6242245 ] -> [1. 0. 0.],[0.34478444 0.19856285 0.45665267] -> [0. 0. 1.],[0.03728154 0.08361296 0.8791055 ] -> [0. 0. 1.],[0.23799609 0.12374391 0.63826   ] -> [0. 1. 0.],[0.17769009 0.01957606 0.80273384] -> [0. 0. 1.],[0.07974701 0.1127143  0.8075387 ] -> [0. 0. 1.]
60,[0.0445005  0.13921528 0.8162841 ] -> [0. 0. 1.],[0.08770856 0.08458314 0.82770824] -> [0. 0. 1.],[0.02718506 0.08631823 0.88649666] -> [0. 0. 1.],[0.11988527 0.08754545 0.79256916] -> [0. 0. 1.],[0.28403756 0.07109508 0.6448674 ] -> [0. 0. 1.],[0.3422647  0.18489109 0.47284412] -> [0. 0. 1.],[0.02610699 0.07052966 0.90336317] -> [0. 0. 1.],[0.19967872 0.11219999 0.6881212 ] -> [0. 0. 1.],[0.16194819 0.01406324 0.82398856] -> [0. 0. 1.],[0.06956213 0.10489155 0.82554626] -> [0. 0. 1.]
61,[0.05440664 0.15729646 0.7882969 ] -> [0. 0. 1.],[0.09274849 0.09946135 0.8077902 ] -> [0. 1. 0.],[0.0395449  0.11279999 0.847655  ] -> [0. 0. 1.],[0.14092226 0.09034977 0.76872796] -> [0. 0. 1.],[0.30335876 0.07619663 0.62044466] -> [0. 0. 1.],[0.3428185  0.18627058 0.47091106] -> [0. 0. 1.],[0.03088674 0.08693597 0.88217735] -> [0. 0. 1.],[0.19191106 0.12966438 0.6784246 ] -> [0. 0. 1.],[0.17795862 0.02018164 0.8018597 ] -> [0. 1. 0.],[0.08755249 0.12826587 0.7841818 ] -> [0. 0. 1.]
62,[0.04340152 0.13793232 0.81866616] -> [0. 0. 1.],[0.08468135 0.08274151 0.83257717] -> [0. 0. 1.],[0.02657943 0.08561698 0.8878037 ] -> [0. 1. 0.],[0.11872896 0.08464038 0.7966306 ] -> [0. 1. 0.],[0.28482687 0.06902499 0.6461482 ] -> [0. 0. 1.],[0.34070006 0.18201719 0.47728273] -> [0. 0. 1.],[0.02500154 0.06899079 0.9060076 ] -> [0. 0. 1.],[0.19417103 0.11096387 0.694865  ] -> [0. 0. 1.],[0.16084014 0.01351079 0.825649  ] -> [0. 0. 1.],[0.06904469 0.1053449  0.82561034] -> [0. 0. 1.]
63,[0.11952607 0.21687506 0.6635989 ] -> [0. 0. 1.],[0.16792694 0.16657571 0.66549736] -> [0. 0. 1.],[0.09363765 0.17539743 0.73096484] -> [0. 0. 1.],[0.2159283  0.18514873 0.598923  ] -> [0. 0. 1.],[0.33225483 0.14276613 0.52497905] -> [0. 0. 1.],[0.34215796 0.22014722 0.4376949 ] -> [0. 0. 1.],[0.09354179 0.15771629 0.7487419 ] -> [0. 0. 1.],[0.28637436 0.18916665 0.5244589 ] -> [0. 0. 1.],[0.24625257 0.06765004 0.6860973 ] -> [0. 1. 0.],[0.15704553 0.19092168 0.65203273] -> [0. 1. 0.]
64,[0.05938005 0.16237444 0.7782455 ] -> [0. 0. 1.],[0.09646856 0.10177655 0.80175495] -> [0. 0. 1.],[0.0412456  0.11406406 0.8446903 ] -> [0. 0. 1.],[0.14930113 0.10094519 0.7497537 ] -> [0. 0. 1.],[0.31175283 0.08113877 0.6071085 ] -> [0. 0. 1.],[0.33480957 0.1826579  0.4825324 ] -> [0. 0. 1.],[0.03549755 0.08979131 0.87471116] -> [0. 0. 1.],[0.20137253 0.13393386 0.66469353] -> [0. 0. 1.],[0.18880527 0.02202872 0.7891661 ] -> [0. 0. 1.],[0.09527092 0.14023173 0.7644973 ] -> [0. 0. 1.]
65,[0.02479804 0.10519896 0.870003  ] -> [0. 0. 1.],[0.05534803 0.05477    0.88988185] -> [0. 0. 1.],[0.01348696 0.05737514 0.9291378 ] -> [0. 0. 1.],[0.08299788 0.05228751 0.8647145 ] -> [0. 0. 1.],[0.2587843  0.04554805 0.69566756] -> [0. 0. 1.],[0.33613545 0.16172026 0.5021442 ] -> [0. 0. 1.],[0.01191094 0.04283311 0.94525594] -> [0. 0. 1.],[0.14818428 0.08112106 0.77069473] -> [0. 0. 1.],[0.12514497 0.00570736 0.86914766] -> [0. 0. 1.],[0.0441082  0.07628448 0.8796073 ] -> [0. 0. 1.]
66,[0.06568462 0.15910642 0.77520895] -> [0. 0. 1.],[0.13565904 0.10805561 0.7562853 ] -> [1. 0. 0.],[0.03536705 0.09233411 0.87229884] -> [0. 0. 1.],[0.14071299 0.15000148 0.7092855 ] -> [0. 0. 1.],[0.2830861  0.10808413 0.6088298 ] -> [1. 0. 0.],[0.34567967 0.21284518 0.44147506] -> [1. 0. 0.],[0.05145369 0.09141055 0.8571358 ] -> [0. 0. 1.],[0.29025063 0.12762119 0.5821281 ] -> [0. 0. 1.],[0.18939213 0.02403331 0.7865746 ] -> [1. 0. 0.],[0.0842636  0.11258833 0.8031479 ] -> [1. 0. 0.]
67,[0.02479804 0.10519896 0.870003  ] -> [0. 0. 1.],[0.05534803 0.05477    0.88988185] -> [0. 0. 1.],[0.01348696 0.05737514 0.9291378 ] -> [0. 0. 1.],[0.08299788 0.05228751 0.8647145 ] -> [0. 0. 1.],[0.2587843  0.04554805 0.69566756] -> [0. 0. 1.],[0.33613545 0.16172026 0.5021442 ] -> [0. 0. 1.],[0.01191094 0.04283311 0.94525594] -> [0. 0. 1.],[0.14818428 0.08112106 0.77069473] -> [0. 0. 1.],[0.12514497 0.00570736 0.86914766] -> [0. 0. 1.],[0.0441082  0.07628448 0.8796073 ] -> [0. 0. 1.]
68,[0.08628446 0.18731529 0.72640026] -> [0. 0. 1.],[0.14670014 0.1365873  0.7167126 ] -> [0. 0. 1.],[0.06112163 0.13600431 0.8028741 ] -> [0. 0. 1.],[0.17467773 0.15283497 0.67248726] -> [0. 0. 1.],[0.3068185 0.1188996 0.5742819] -> [0. 0. 1.],[0.34987172 0.21865779 0.43147048] -> [0. 0. 1.],[0.0637747  0.1232987  0.81292665] -> [0. 0. 1.],[0.273482   0.1576153  0.56890273] -> [0. 0. 1.],[0.21169126 0.04061195 0.7476967 ] -> [0. 0. 1.],[0.11457523 0.14518768 0.740237  ] -> [0. 1. 0.]
69,[0.06703431 0.1691758  0.76378983] -> [0. 0. 1.],[0.11462076 0.11274005 0.7726392 ] -> [0. 0. 1.],[0.04578518 0.11783244 0.8363823 ] -> [0. 0. 1.],[0.15540521 0.11937984 0.72521484] -> [0. 0. 1.],[0.30625358 0.09414853 0.5995979 ] -> [0. 1. 0.],[0.3423439  0.19768243 0.4599737 ] -> [1. 0. 0.],[0.04400302 0.09949002 0.856507  ] -> [0. 0. 1.],[0.2314113  0.14047992 0.62810874] -> [0. 0. 1.],[0.19471802 0.02678585 0.77849615] -> [0. 0. 1.],[0.09864137 0.13679041 0.76456815] -> [0. 0. 1.]
70,[0.02376552 0.10326418 0.8729702 ] -> [0. 0. 1.],[0.05327185 0.05321176 0.8935163 ] -> [0. 0. 1.],[0.0129786  0.05631779 0.9307036 ] -> [0. 0. 1.],[0.08086541 0.04978071 0.86935383] -> [0. 0. 1.],[0.25720072 0.04388067 0.6989185 ] -> [0. 0. 1.],[0.3360939  0.16016865 0.5037375 ] -> [0. 0. 1.],[0.0111699  0.04149678 0.9473332 ] -> [0. 0. 1.],[0.14358214 0.07936258 0.7770553 ] -> [0. 0. 1.],[0.12267378 0.00537828 0.8719478 ] -> [0. 0. 1.],[0.04281113 0.07474091 0.882448  ] -> [0. 0. 1.]
71,[0.0573425 0.1570271 0.7856304] -> [0. 0. 1.],[0.10368757 0.10078666 0.7955258 ] -> [0. 0. 1.],[0.03722244 0.10401699 0.8587606 ] -> [0. 0. 1.],[0.14086998 0.10690115 0.75222886] -> [0. 0. 1.],[0.297864   0.08475895 0.6173771 ] -> [0. 0. 1.],[0.34180042 0.19235758 0.46584195] -> [0. 0. 1.],[0.03621416 0.08697893 0.87680686] -> [0. 0. 1.],[0.21995191 0.12875803 0.65129   ] -> [0. 0. 1.],[0.18193339 0.0208217  0.79724497] -> [0. 0. 1.],[0.08635013 0.12383792 0.78981197] -> [0. 0. 1.]
72,[0.04589482 0.14470366 0.80940145] -> [0. 0. 1.],[0.08360855 0.08821986 0.82817155] -> [0. 0. 1.],[0.03170047 0.09855262 0.86974686] -> [0. 1. 0.],[0.12577823 0.07994783 0.7942739 ] -> [0. 0. 1.],[0.29267883 0.06822878 0.63909245] -> [0. 0. 1.],[0.343228   0.18204698 0.47472492] -> [1. 0. 0.],[0.02502507 0.07521845 0.89975643] -> [0. 0. 1.],[0.18188773 0.11759923 0.700513  ] -> [0. 0. 1.],[0.16445144 0.01543988 0.82010865] -> [0. 1. 0.],[0.07529765 0.11386973 0.81083256] -> [0. 1. 0.]
73,[0.05083934 0.14935553 0.7998053 ] -> [0. 0. 1.],[0.09303454 0.09268443 0.814281  ] -> [0. 0. 1.],[0.03293743 0.09793337 0.86912924] -> [0. 0. 1.],[0.13206379 0.09418976 0.77374643] -> [0. 0. 1.],[0.2947243 0.0762472 0.6290286] -> [0. 0. 1.],[0.34063143 0.18594973 0.4734188 ] -> [0. 0. 1.],[0.03025763 0.07916926 0.8905731 ] -> [0. 0. 1.],[0.20299402 0.12164097 0.6753649 ] -> [0. 0. 1.],[0.173058   0.01737492 0.809567  ] -> [0. 0. 1.],[0.07969228 0.11804394 0.80226374] -> [0. 0. 1.]
74,[0.02617029 0.10780094 0.8660288 ] -> [0. 0. 1.],[0.05810693 0.05697021 0.8849229 ] -> [0. 0. 1.],[0.0142526  0.05906813 0.92667913] -> [0. 0. 1.],[0.08576434 0.05536917 0.85886645] -> [0. 0. 1.],[0.26065496 0.04769265 0.6916524 ] -> [0. 0. 1.],[0.33674052 0.16403198 0.49922737] -> [0. 0. 1.],[0.01288316 0.04473253 0.9423843 ] -> [0. 0. 1.],[0.1537757  0.08349813 0.7627261 ] -> [0. 0. 1.],[0.12816767 0.00617708 0.86565524] -> [0. 0. 1.],[0.04579995 0.07816655 0.87603354] -> [0. 0. 1.]
75,[0.05193101 0.1501613  0.7979077 ] -> [0. 1. 0.],[0.09621944 0.09405026 0.80973023] -> [0. 1. 0.],[0.03316027 0.09750298 0.8693367 ] -> [0. 1. 0.],[0.13283168 0.09798508 0.7691832 ] -> [0. 1. 0.],[0.29362902 0.07857035 0.62780046] -> [0. 1. 0.],[0.34141815 0.18837969 0.47020215] -> [0. 1. 0.],[0.0316316  0.08023104 0.8881373 ] -> [0. 1. 0.],[0.20961966 0.12234077 0.6680395 ] -> [0. 0. 1.],[0.17423156 0.01786903 0.8078994 ] -> [0. 0. 1.],[0.07995342 0.11730959 0.802737  ] -> [0. 1. 0.]
76,[0.05858051 0.15716794 0.7842516 ] -> [0. 1. 0.],[0.10946448 0.10236951 0.788166  ] -> [0. 1. 0.],[0.03685511 0.10172292 0.86142194] -> [0. 1. 0.],[0.14042072 0.11355934 0.74601996] -> [0. 0. 1.],[0.29412276 0.08871455 0.6171627 ] -> [0. 1. 0.],[0.34371445 0.19709618 0.45918941] -> [0. 1. 0.],[0.03848088 0.08789866 0.87362057] -> [0. 1. 0.],[0.23237737 0.12862669 0.6389959 ] -> [0. 1. 0.],[0.18242985 0.02136127 0.7962088 ] -> [0. 1. 0.],[0.08530208 0.12037513 0.7943228 ] -> [0. 1. 0.]
77,[0.0578761  0.15580471 0.7863193 ] -> [1. 0. 0.],[0.11136291 0.10232586 0.7863112 ] -> [0. 0. 1.],[0.03607247 0.09982957 0.86409795] -> [0. 0. 1.],[0.13809252 0.11422215 0.7476853 ] -> [1. 0. 0.],[0.29022795 0.08939075 0.6203813 ] -> [1. 0. 0.],[0.34627563 0.20020097 0.4535233 ] -> [1. 0. 0.],[0.03836687 0.08739535 0.8742378 ] -> [0. 0. 1.],[0.23653537 0.12733532 0.6361293 ] -> [0. 0. 1.],[0.1800576 0.0210782 0.7988642] -> [0. 0. 1.],[0.08285069 0.1159471  0.8012023 ] -> [0. 0. 1.]
78,[0.05345278 0.15461548 0.7919317 ] -> [0. 0. 1.],[0.0930189  0.09677193 0.8102092 ] -> [1. 0. 0.],[0.03689106 0.10671059 0.8563983 ] -> [0. 0. 1.],[0.13828926 0.09296289 0.76874787] -> [0. 0. 1.],[0.30113086 0.07663827 0.6222309 ] -> [0. 0. 1.],[0.3406656  0.18532337 0.47401097] -> [0. 0. 1.],[0.03108342 0.08392152 0.8849951 ] -> [0. 0. 1.],[0.19701447 0.12682106 0.6761645 ] -> [0. 0. 1.],[0.17732006 0.01915476 0.80352515] -> [0. 0. 1.],[0.0852698  0.12572071 0.78900945] -> [1. 0. 0.]
79,[0.04378809 0.13918464 0.8170272 ] -> [0. 0. 1.],[0.08462183 0.08398963 0.83138853] -> [0. 0. 1.],[0.02759949 0.08825752 0.884143  ] -> [0. 0. 1.],[0.11982568 0.0833246  0.7968496 ] -> [0. 0. 1.],[0.2857673  0.06881677 0.6454159 ] -> [0. 0. 1.],[0.34204122 0.18268158 0.4752773 ] -> [0. 0. 1.],[0.02490227 0.07031259 0.90478516] -> [0. 0. 1.],[0.1915779  0.1122525  0.69616956] -> [0. 0. 1.],[0.16103737 0.01388616 0.82507646] -> [0. 1. 0.],[0.06994996 0.1063142  0.82373583] -> [0. 0. 1.]
80,[0.05933033 0.16029157 0.7803782 ] -> [0. 0. 1.],[0.10449261 0.10353647 0.7919709 ] -> [1. 0. 0.],[0.03968508 0.10888899 0.851426  ] -> [0. 1. 0.],[0.14484212 0.10734863 0.7478092 ] -> [1. 0. 0.],[0.30136043 0.08568011 0.61295944] -> [0. 1. 0.],[0.34172654 0.19239889 0.46587443] -> [1. 0. 0.],[0.03723511 0.09008564 0.87267923] -> [0. 1. 0.],[0.21816476 0.13201086 0.6498244 ] -> [0. 1. 0.],[0.1849001  0.0221394  0.79296046] -> [0. 1. 0.],[0.08986154 0.1283162  0.7818222 ] -> [0. 1. 0.]
81,[0.03223446 0.11935421 0.8484114 ] -> [0. 0. 1.],[0.06810255 0.06646124 0.86543626] -> [0. 0. 1.],[0.01833508 0.06858482 0.91308004] -> [0. 0. 1.],[0.09815492 0.06632833 0.83551675] -> [0. 0. 1.],[0.27044553 0.05566322 0.67389125] -> [0. 0. 1.],[0.3384276  0.17132014 0.49025223] -> [0. 0. 1.],[0.01697143 0.05342203 0.92960656] -> [0. 0. 1.],[0.17025997 0.09393106 0.73580897] -> [0. 0. 1.],[0.14084359 0.00849875 0.85065764] -> [0. 0. 1.],[0.05416596 0.08829003 0.857544  ] -> [0. 0. 1.]
